Time,AgeGrp,ASFR
1980,15,74.75
1981,15,73.3
1982,15,71.7
1983,15,71.62
1984,15,70.59
1985,15,70.04
1986,15,67.86
1987,15,67.45
1988,15,65.84
1989,15,65.07
1990,15,65.04
1991,15,63.99
1992,15,61.95
1993,15,62.68
1994,15,61.48
1995,15,59.78
1996,15,59.2
1997,15,56.93
1998,15,56.35
1999,15,57.44
2000,15,56.67
2001,15,57.18
2002,15,56.44
2003,15,55.44
2004,15,54.51
2005,15,54.02
2006,15,52.47
2007,15,51.09
2008,15,50.47
2009,15,48.93
2010,15,48.26
2011,15,48.09
2012,15,47.19
2013,15,46.27
2014,15,45.23
2015,15,43.41
2016,15,41.82
2017,15,40.73
2018,15,40.11
2019,15,39.61
2020,15,38.81
2021,15,38.33
2022,15,37.44
2023,15,36.61
2024,15,35.81
2025,15,35.04
2026,15,34.25
2027,15,33.46
2028,15,32.71
2029,15,31.96
2030,15,31.14
1980,16,118.66
1981,16,116.57
1982,16,114.25
1983,16,113.86
1984,16,112.46
1985,16,111.72
1986,16,108.89
1987,16,108.41
1988,16,106.05
1989,16,104.99
1990,16,105.02
1991,16,103.67
1992,16,101.3
1993,16,102.6
1994,16,101.28
1995,16,99.29
1996,16,98.53
1997,16,95.19
1998,16,94.11
1999,16,95.51
2000,16,94.57
2001,16,95.26
2002,16,94.25
2003,16,92.76
2004,16,91.35
2005,16,90.66
2006,16,88.65
2007,16,86.81
2008,16,86.22
2009,16,84.23
2010,16,83.64
2011,16,83.65
2012,16,82.38
2013,16,81.23
2014,16,79.88
2015,16,77
2016,16,74.41
2017,16,72.63
2018,16,71.63
2019,16,70.99
2020,16,69.76
2021,16,68.94
2022,16,67.57
2023,16,66.27
2024,16,64.97
2025,16,63.76
2026,16,62.59
2027,16,61.38
2028,16,60.16
2029,16,59.01
2030,16,57.76
1980,17,161.47
1981,17,159.03
1982,17,156.45
1983,17,155.67
1984,17,154.11
1985,17,153.15
1986,17,149.94
1987,17,149.29
1988,17,146.51
1989,17,145.25
1990,17,145.05
1991,17,143.67
1992,17,141.31
1993,17,142.66
1994,17,141.41
1995,17,139.41
1996,17,138.66
1997,17,135.01
1998,17,133.59
1999,17,134.91
2000,17,133.62
2001,17,133.97
2002,17,132.82
2003,17,131.13
2004,17,129.47
2005,17,128.59
2006,17,126.3
2007,17,124.3
2008,17,123.89
2009,17,121.75
2010,17,121.37
2011,17,121.68
2012,17,120.27
2013,17,118.93
2014,17,117.5
2015,17,113.96
2016,17,110.57
2017,17,108.15
2018,17,106.87
2019,17,106.1
2020,17,104.55
2021,17,103.43
2022,17,101.63
2023,17,99.93
2024,17,98.19
2025,17,96.46
2026,17,94.9
2027,17,93.37
2028,17,91.75
2029,17,90.15
2030,17,88.48
1980,18,200.13
1981,18,197.63
1982,18,195.33
1983,18,194.17
1984,18,192.63
1985,18,191.39
1986,18,188.14
1987,18,187.2
1988,18,184.36
1989,18,183.03
1990,18,182.23
1991,18,180.99
1992,18,178.93
1993,18,179.6
1994,18,178.47
1995,18,176.74
1996,18,176.26
1997,18,173.12
1998,18,171.51
1999,18,172.45
2000,18,170.7
2001,18,170.03
2002,18,168.73
2003,18,167.2
2004,18,165.72
2005,18,164.69
2006,18,162.32
2007,18,160.32
2008,18,160.2
2009,18,158.24
2010,18,158.09
2011,18,158.64
2012,18,157.25
2013,18,156.02
2014,18,154.58
2015,18,150.78
2016,18,147.07
2017,18,144.13
2018,18,142.67
2019,18,141.88
2020,18,140.06
2021,18,138.63
2022,18,136.58
2023,18,134.58
2024,18,132.51
2025,18,130.44
2026,18,128.43
2027,18,126.56
2028,18,124.71
2029,18,122.8
2030,18,120.68
1980,19,232.51
1981,19,230.16
1982,19,228.44
1983,19,227.12
1984,19,225.61
1985,19,223.95
1986,19,220.57
1987,19,219.12
1988,19,216.3
1989,19,214.89
1990,19,213.22
1991,19,212.08
1992,19,210.12
1993,19,209.59
1994,19,208.18
1995,19,206.57
1996,19,206.43
1997,19,204.16
1998,19,202.42
1999,19,202.75
2000,19,200.44
2001,19,198.51
2002,19,196.77
2003,19,195.31
2004,19,194.23
2005,19,193.22
2006,19,190.79
2007,19,188.73
2008,19,188.54
2009,19,186.81
2010,19,186.61
2011,19,187
2012,19,185.53
2013,19,184.27
2014,19,182.88
2015,19,179.14
2016,19,175.58
2017,19,172.59
2018,19,171.02
2019,19,170.1
2020,19,168.19
2021,19,166.38
2022,19,164.16
2023,19,162
2024,19,159.67
2025,19,157.34
2026,19,155.08
2027,19,152.83
2028,19,150.68
2029,19,148.63
2030,19,146.25
1980,20,258.19
1981,20,256.2
1982,20,255.27
1983,20,254.02
1984,20,252.48
1985,20,250.33
1986,20,246.68
1987,20,244.51
1988,20,241.71
1989,20,240.11
1990,20,237.41
1991,20,236.3
1992,20,234.11
1993,20,232.05
1994,20,230.01
1995,20,228.24
1996,20,228.39
1997,20,227.2
1998,20,225.41
1999,20,225.01
2000,20,222.02
2001,20,218.82
2002,20,216.56
2003,20,214.87
2004,20,214.07
2005,20,213.23
2006,20,210.98
2007,20,208.77
2008,20,208.15
2009,20,206.5
2010,20,205.99
2011,20,205.83
2012,20,204
2013,20,202.56
2014,20,201.08
2015,20,197.92
2016,20,194.92
2017,20,192.16
2018,20,190.68
2019,20,189.46
2020,20,187.48
2021,20,185.38
2022,20,182.99
2023,20,180.73
2024,20,178.26
2025,20,175.73
2026,20,173.28
2027,20,170.88
2028,20,168.4
2029,20,166.11
2030,20,163.63
1980,21,274.83
1981,21,273.27
1982,21,273.18
1983,21,272.22
1984,21,270.69
1985,21,268.39
1986,21,264.95
1987,21,262.37
1988,21,259.48
1989,21,257.61
1990,21,254.04
1991,21,252.69
1992,21,250.41
1993,21,247.33
1994,21,244.98
1995,21,243.3
1996,21,243.29
1997,21,242.72
1998,21,240.99
1999,21,239.97
2000,21,236.72
2001,21,232.8
2002,21,230.19
2003,21,228.1
2004,21,227.23
2005,21,226.56
2006,21,224.91
2007,21,222.84
2008,21,221.91
2009,21,220.36
2010,21,219.35
2011,21,218.58
2012,21,216.31
2013,21,214.35
2014,21,212.73
2015,21,210.24
2016,21,207.95
2017,21,205.65
2018,21,204.23
2019,21,202.83
2020,21,200.7
2021,21,198.35
2022,21,195.91
2023,21,193.56
2024,21,191.05
2025,21,188.45
2026,21,185.86
2027,21,183.34
2028,21,180.79
2029,21,178.28
2030,21,175.57
1980,22,283.39
1981,22,282.2
1982,22,282.88
1983,22,282.36
1984,22,280.91
1985,22,278.82
1986,22,276.06
1987,22,273.45
1988,22,270.39
1989,22,268.16
1990,22,264.02
1991,22,262.21
1992,22,259.95
1993,22,256.5
1994,22,254.19
1995,22,252.83
1996,22,252.23
1997,22,251.52
1998,22,249.85
1999,22,248.51
2000,22,245.51
2001,22,241.58
2002,22,238.77
2003,22,236.17
2004,22,235.04
2005,22,234.45
2006,22,233.55
2007,22,231.82
2008,22,230.93
2009,22,229.5
2010,22,227.9
2011,22,226.34
2012,22,223.74
2013,22,221.12
2014,22,219.07
2015,22,217.33
2016,22,215.76
2017,22,214.18
2018,22,212.76
2019,22,211.19
2020,22,208.98
2021,22,206.33
2022,22,203.83
2023,22,201.46
2024,22,198.91
2025,22,196.32
2026,22,193.7
2027,22,191.08
2028,22,188.45
2029,22,185.94
2030,22,183.06
1980,23,287.08
1981,23,286.12
1982,23,287.2
1983,23,287.03
1984,23,285.73
1985,23,283.97
1986,23,282.11
1987,23,279.69
1988,23,276.57
1989,23,274.05
1990,23,269.65
1991,23,267.36
1992,23,265.25
1993,23,261.81
1994,23,259.73
1995,23,258.83
1996,23,257.43
1997,23,256.27
1998,23,254.49
1999,23,253.07
2000,23,250.7
2001,23,247.27
2002,23,244.54
2003,23,241.5
2004,23,240.07
2005,23,239.55
2006,23,239.19
2007,23,237.7
2008,23,237.03
2009,23,235.83
2010,23,233.75
2011,23,231.51
2012,23,228.62
2013,23,225.6
2014,23,223.18
2015,23,221.85
2016,23,220.92
2017,23,219.95
2018,23,218.47
2019,23,216.84
2020,23,214.56
2021,23,211.8
2022,23,209.17
2023,23,206.78
2024,23,204.23
2025,23,201.64
2026,23,199.08
2027,23,196.47
2028,23,193.77
2029,23,191.21
2030,23,188.37
1980,24,287.23
1981,24,286.42
1982,24,287.49
1983,24,287.4
1984,24,286.35
1985,24,284.94
1986,24,284.03
1987,24,281.95
1988,24,278.92
1989,24,276.22
1990,24,271.89
1991,24,269.19
1992,24,267.32
1993,24,264.24
1994,24,262.51
1995,24,262.08
1996,24,259.81
1997,24,258.02
1998,24,255.96
1999,24,254.49
2000,24,252.94
2001,24,250.49
2002,24,248.09
2003,24,244.95
2004,24,243.17
2005,24,242.66
2006,24,242.67
2007,24,241.23
2008,24,240.71
2009,24,239.74
2010,24,237.5
2011,24,234.74
2012,24,231.67
2013,24,228.36
2014,24,225.84
2015,24,224.74
2016,24,223.98
2017,24,223.56
2018,24,221.95
2019,24,220.28
2020,24,217.98
2021,24,215.24
2022,24,212.62
2023,24,210.12
2024,24,207.58
2025,24,205.02
2026,24,202.49
2027,24,199.97
2028,24,197.3
2029,24,194.7
2030,24,191.83
1980,25,286.53
1981,25,285.81
1982,25,286.51
1983,25,286.2
1984,25,285.32
1985,25,284.17
1986,25,283.95
1987,25,282.11
1988,25,279.29
1989,25,276.52
1990,25,272.51
1991,25,269.61
1992,25,267.95
1993,25,265.28
1994,25,263.82
1995,25,263.67
1996,25,260.67
1997,25,258.37
1998,25,255.93
1999,25,254.43
2000,25,253.52
2001,25,252.17
2002,25,250.31
2003,25,247.42
2004,25,245.48
2005,25,244.8
2006,25,244.79
2007,25,243.3
2008,25,242.64
2009,25,241.62
2010,25,239.43
2011,25,236.48
2012,25,233.33
2013,25,229.89
2014,25,227.29
2015,25,226.37
2016,25,225.51
2017,25,225.11
2018,25,223.49
2019,25,221.78
2020,25,219.41
2021,25,216.81
2022,25,214.27
2023,25,211.78
2024,25,209.13
2025,25,206.59
2026,25,204.09
2027,25,201.6
2028,25,199.04
2029,25,196.47
2030,25,193.55
1980,26,285.3
1981,26,284.67
1982,26,284.72
1983,26,283.99
1984,26,283.22
1985,26,282.09
1986,26,282.27
1987,26,280.55
1988,26,277.99
1989,26,275.27
1990,26,271.78
1991,26,268.92
1992,26,267.4
1993,26,265.12
1994,26,263.77
1995,26,263.76
1996,26,260.23
1997,26,257.57
1998,26,254.75
1999,26,253.23
2000,26,252.7
2001,26,252.32
2002,26,251.08
2003,26,248.86
2004,26,246.94
2005,26,246.08
2006,26,245.67
2007,26,244.02
2008,26,243.06
2009,26,241.66
2010,26,239.54
2011,26,236.68
2012,26,233.67
2013,26,230.2
2014,26,227.6
2015,26,226.56
2016,26,225.5
2017,26,224.87
2018,26,223.03
2019,26,221.45
2020,26,218.97
2021,26,216.49
2022,26,214.07
2023,26,211.68
2024,26,209.04
2025,26,206.39
2026,26,203.91
2027,26,201.47
2028,26,198.94
2029,26,196.48
2030,26,193.59
1980,27,282.28
1981,27,281.84
1982,27,281.31
1983,27,280.22
1984,27,279.57
1985,27,278.3
1986,27,278.53
1987,27,276.93
1988,27,274.65
1989,27,272.04
1990,27,269.14
1991,27,266.55
1992,27,265.12
1993,27,263.06
1994,27,261.67
1995,27,261.64
1996,27,257.91
1997,27,255.12
1998,27,251.99
1999,27,250.43
2000,27,250.04
2001,27,250.27
2002,27,249.53
2003,27,248.18
2004,27,246.61
2005,27,245.64
2006,27,244.8
2007,27,243.03
2008,27,241.73
2009,27,239.9
2010,27,237.71
2011,27,235
2012,27,232.22
2013,27,228.96
2014,27,226.35
2015,27,225.05
2016,27,223.61
2017,27,222.78
2018,27,220.81
2019,27,219.15
2020,27,216.79
2021,27,214.38
2022,27,211.99
2023,27,209.75
2024,27,207.24
2025,27,204.62
2026,27,202.06
2027,27,199.66
2028,27,197.2
2029,27,194.8
2030,27,192.05
1980,28,277.61
1981,28,277.5
1982,28,276.46
1983,28,275.11
1984,28,274.59
1985,28,273.15
1986,28,273.06
1987,28,271.48
1988,28,269.58
1989,28,267.16
1990,28,264.77
1991,28,262.63
1992,28,261.21
1993,28,259.18
1994,28,257.61
1995,28,257.44
1996,28,253.81
1997,28,251.17
1998,28,247.85
1999,28,246.17
2000,28,245.75
2001,28,246.2
2002,28,245.74
2003,28,245.24
2004,28,244.3
2005,28,243.4
2006,28,242.1
2007,28,240.38
2008,28,238.72
2009,28,236.48
2010,28,234.18
2011,28,231.52
2012,28,228.93
2013,28,226.01
2014,28,223.57
2015,28,221.89
2016,28,220.01
2017,28,218.82
2018,28,216.92
2019,28,215.17
2020,28,212.77
2021,28,210.62
2022,28,208.18
2023,28,205.98
2024,28,203.65
2025,28,201.18
2026,28,198.68
2027,28,196.21
2028,28,193.82
2029,28,191.51
2030,28,188.83
1980,29,273.19
1981,29,273.41
1982,29,271.92
1983,29,270.32
1984,29,269.89
1985,29,268.25
1986,29,267.67
1987,29,265.96
1988,29,264.39
1989,29,262.24
1990,29,260.22
1991,29,258.45
1992,29,256.91
1993,29,254.75
1994,29,252.91
1995,29,252.43
1996,29,249.01
1997,29,246.63
1998,29,243.23
1999,29,241.39
2000,29,240.74
2001,29,241.11
2002,29,240.75
2003,29,240.9
2004,29,240.57
2005,29,239.9
2006,29,238.29
2007,29,236.65
2008,29,234.75
2009,29,232.09
2010,29,229.62
2011,29,226.87
2012,29,224.26
2013,29,221.62
2014,29,219.42
2015,29,217.48
2016,29,215.11
2017,29,213.47
2018,29,211.54
2019,29,209.79
2020,29,207.37
2021,29,205.25
2022,29,202.9
2023,29,200.64
2024,29,198.33
2025,29,196.04
2026,29,193.67
2027,29,191.24
2028,29,188.77
2029,29,186.52
2030,29,183.94
1980,30,268.88
1981,30,269.54
1982,30,267.75
1983,30,265.93
1984,30,265.44
1985,30,263.59
1986,30,262.47
1987,30,260.64
1988,30,259.23
1989,30,257.28
1990,30,255.59
1991,30,254.1
1992,30,252.29
1993,30,249.88
1994,30,247.67
1995,30,246.79
1996,30,243.65
1997,30,241.55
1998,30,238.19
1999,30,236.16
2000,30,235.18
2001,30,235.21
2002,30,234.78
2003,30,235.34
2004,30,235.45
2005,30,235.01
2006,30,233.3
2007,30,231.87
2008,30,229.79
2009,30,226.85
2010,30,224.15
2011,30,221.26
2012,30,218.42
2013,30,215.85
2014,30,213.82
2015,30,211.75
2016,30,209.08
2017,30,206.92
2018,30,204.91
2019,30,203.02
2020,30,200.68
2021,30,198.56
2022,30,196.08
2023,30,193.91
2024,30,191.51
2025,30,189.23
2026,30,187.03
2027,30,184.72
2028,30,182.28
2029,30,179.92
2030,30,177.41
1980,31,262.98
1981,31,263.98
1982,31,262.28
1983,31,260.41
1984,31,259.78
1985,31,257.79
1986,31,256.32
1987,31,254.5
1988,31,253.15
1989,31,251.23
1990,31,249.67
1991,31,248.52
1992,31,246.51
1993,31,243.79
1994,31,241.29
1995,31,240.08
1996,31,237.27
1997,31,235.33
1998,31,232.05
1999,31,229.83
2000,31,228.55
2001,31,228.14
2002,31,227.47
2003,31,228.1
2004,31,228.42
2005,31,228.1
2006,31,226.55
2007,31,225.49
2008,31,223.5
2009,31,220.47
2010,31,217.68
2011,31,214.6
2012,31,211.51
2013,31,208.77
2014,31,206.66
2015,31,204.56
2016,31,201.86
2017,31,199.46
2018,31,197.27
2019,31,195.16
2020,31,192.8
2021,31,190.75
2022,31,188.16
2023,31,185.87
2024,31,183.58
2025,31,181.2
2026,31,179.01
2027,31,176.88
2028,31,174.56
2029,31,172.23
2030,31,169.63
1980,32,255.29
1981,32,256.26
1982,32,254.88
1983,32,253.25
1984,32,252.47
1985,32,250.47
1986,32,248.83
1987,32,247.14
1988,32,245.79
1989,32,243.87
1990,32,242.16
1991,32,241.2
1992,32,239.26
1993,32,236.28
1994,32,233.56
1995,32,232.13
1996,32,229.61
1997,32,227.73
1998,32,224.63
1999,32,222.2
2000,32,220.74
2001,32,219.89
2002,32,218.88
2003,32,219.23
2004,32,219.53
2005,32,219.26
2006,32,218.02
2007,32,217.37
2008,32,215.75
2009,32,212.92
2010,32,210.14
2011,32,206.94
2012,32,203.53
2013,32,200.57
2014,32,198.16
2015,32,195.98
2016,32,193.41
2017,32,191.07
2018,32,188.89
2019,32,186.49
2020,32,184.02
2021,32,181.9
2022,32,179.33
2023,32,176.94
2024,32,174.55
2025,32,172.29
2026,32,170
2027,32,167.88
2028,32,165.76
2029,32,163.55
2030,32,160.99
1980,33,244.96
1981,33,246.02
1982,33,244.88
1983,33,243.8
1984,33,242.96
1985,33,241.11
1986,33,239.47
1987,33,237.98
1988,33,236.72
1989,33,234.9
1990,33,232.91
1991,33,231.8
1992,33,229.98
1993,33,227.02
1994,33,224.26
1995,33,222.63
1996,33,220.28
1997,33,218.38
1998,33,215.67
1999,33,213.1
2000,33,211.65
2001,33,210.4
2002,33,209.15
2003,33,209.02
2004,33,209.12
2005,33,208.89
2006,33,208.18
2007,33,207.96
2008,33,206.89
2009,33,204.53
2010,33,201.8
2011,33,198.48
2012,33,194.85
2013,33,191.61
2014,33,188.9
2015,33,186.6
2016,33,184.2
2017,33,182.16
2018,33,180.13
2019,33,177.62
2020,33,174.97
2021,33,172.68
2022,33,170.07
2023,33,167.71
2024,33,165.26
2025,33,162.93
2026,33,160.77
2027,33,158.57
2028,33,156.47
2029,33,154.47
2030,33,152.05
1980,34,232.25
1981,34,233.65
1982,34,233.07
1983,34,232.34
1984,34,231.49
1985,34,230.02
1986,34,228.6
1987,34,227.35
1988,34,226.15
1989,34,224.43
1990,34,222.12
1991,34,220.77
1992,34,218.98
1993,34,216.08
1994,34,213.58
1995,34,211.81
1996,34,209.47
1997,34,207.46
1998,34,205.29
1999,34,202.67
2000,34,201.44
2001,34,199.85
2002,34,198.49
2003,34,197.81
2004,34,197.62
2005,34,197.35
2006,34,197.32
2007,34,197.53
2008,34,196.99
2009,34,195.19
2010,34,192.56
2011,34,189.14
2012,34,185.41
2013,34,181.94
2014,34,178.92
2015,34,176.63
2016,34,174.4
2017,34,172.68
2018,34,170.87
2019,34,168.37
2020,34,165.71
2021,34,163.21
2022,34,160.48
2023,34,158.09
2024,34,155.71
2025,34,153.35
2026,34,151.15
2027,34,149.08
2028,34,146.91
2029,34,144.94
2030,34,142.77
1980,35,220.39
1981,35,221.83
1982,35,221.9
1983,35,221.33
1984,35,220.08
1985,35,219.04
1986,35,217.96
1987,35,216.89
1988,35,215.54
1989,35,213.75
1990,35,211.18
1991,35,209.69
1992,35,207.95
1993,35,204.96
1994,35,202.63
1995,35,200.94
1996,35,198.58
1997,35,196.38
1998,35,194.6
1999,35,192
2000,35,190.96
2001,35,189.18
2002,35,187.71
2003,35,186.52
2004,35,185.94
2005,35,185.5
2006,35,185.81
2007,35,186.21
2008,35,185.95
2009,35,184.47
2010,35,182
2011,35,178.71
2012,35,175.04
2013,35,171.47
2014,35,168.25
2015,35,165.99
2016,35,163.91
2017,35,162.28
2018,35,160.51
2019,35,158.11
2020,35,155.57
2021,35,153.02
2022,35,150.17
2023,35,147.68
2024,35,145.28
2025,35,142.99
2026,35,140.78
2027,35,138.68
2028,35,136.64
2029,35,134.6
2030,35,132.48
1980,36,209.64
1981,36,210.86
1982,36,211.13
1983,36,210.82
1984,36,209.25
1985,36,208.11
1986,36,207.41
1987,36,206.52
1988,36,204.91
1989,36,202.91
1990,36,200.07
1991,36,198.52
1992,36,196.91
1993,36,193.89
1994,36,191.47
1995,36,189.84
1996,36,187.64
1997,36,185.24
1998,36,183.61
1999,36,181.06
2000,36,180.15
2001,36,178.35
2002,36,176.75
2003,36,175.14
2004,36,174.11
2005,36,173.38
2006,36,173.71
2007,36,173.98
2008,36,173.74
2009,36,172.38
2010,36,170.05
2011,36,166.98
2012,36,163.59
2013,36,160.1
2014,36,156.77
2015,36,154.64
2016,36,152.6
2017,36,150.97
2018,36,149.1
2019,36,146.73
2020,36,144.33
2021,36,141.86
2022,36,139.06
2023,36,136.46
2024,36,133.99
2025,36,131.69
2026,36,129.55
2027,36,127.45
2028,36,125.42
2029,36,123.5
2030,36,121.33
1980,37,197.66
1981,37,198.58
1982,37,198.81
1983,37,198.49
1984,37,197.07
1985,37,195.86
1986,37,195.11
1987,37,194.37
1988,37,192.62
1989,37,190.48
1990,37,187.42
1991,37,185.8
1992,37,184.34
1993,37,181.47
1994,37,179.03
1995,37,177.32
1996,37,175.31
1997,37,172.92
1998,37,171.37
1999,37,168.87
2000,37,168.05
2001,37,166.34
2002,37,164.69
2003,37,162.79
2004,37,161.34
2005,37,160.34
2006,37,160.55
2007,37,160.53
2008,37,160.13
2009,37,158.79
2010,37,156.59
2011,37,153.75
2012,37,150.7
2013,37,147.49
2014,37,144.25
2015,37,142.33
2016,37,140.38
2017,37,138.71
2018,37,136.8
2019,37,134.4
2020,37,132.07
2021,37,129.75
2022,37,127.13
2023,37,124.61
2024,37,122.08
2025,37,119.75
2026,37,117.64
2027,37,115.64
2028,37,113.65
2029,37,111.77
2030,37,109.77
1980,38,184.35
1981,38,184.98
1982,38,184.97
1983,38,184.45
1984,38,183.1
1985,38,182.16
1986,38,181.46
1987,38,180.41
1988,38,178.51
1989,38,176.41
1990,38,173.34
1991,38,171.67
1992,38,170.24
1993,38,167.59
1994,38,165.28
1995,38,163.6
1996,38,161.6
1997,38,159.27
1998,38,157.85
1999,38,155.47
2000,38,154.66
2001,38,153.14
2002,38,151.45
2003,38,149.43
2004,38,147.67
2005,38,146.41
2006,38,146.4
2007,38,146.01
2008,38,145.34
2009,38,143.91
2010,38,141.88
2011,38,139.25
2012,38,136.51
2013,38,133.65
2014,38,130.68
2015,38,129.08
2016,38,127.23
2017,38,125.56
2018,38,123.64
2019,38,121.34
2020,38,119
2021,38,116.76
2022,38,114.37
2023,38,112.06
2024,38,109.66
2025,38,107.32
2026,38,105.21
2027,38,103.28
2028,38,101.42
2029,38,99.62
2030,38,97.72
1980,39,171.71
1981,39,171.97
1982,39,171.52
1983,39,170.59
1984,39,169.3
1985,39,168.35
1986,39,167.93
1987,39,166.62
1988,39,164.23
1989,39,162.12
1990,39,159.31
1991,39,157.64
1992,39,156.1
1993,39,153.57
1994,39,151.35
1995,39,149.79
1996,39,147.83
1997,39,145.41
1998,39,143.99
1999,39,141.91
2000,39,141.02
2001,39,139.7
2002,39,137.99
2003,39,135.99
2004,39,134
2005,39,132.5
2006,39,132.1
2007,39,131.25
2008,39,130.21
2009,39,128.58
2010,39,126.67
2011,39,124.23
2012,39,121.77
2013,39,119.23
2014,39,116.56
2015,39,115.35
2016,39,113.61
2017,39,111.87
2018,39,109.99
2019,39,107.82
2020,39,105.54
2021,39,103.31
2022,39,101.05
2023,39,98.97
2024,39,96.79
2025,39,94.58
2026,39,92.49
2027,39,90.58
2028,39,88.81
2029,39,87.15
2030,39,85.36
1980,40,159.26
1981,40,159.07
1982,40,158.06
1983,40,156.64
1984,40,155.38
1985,40,154.28
1986,40,153.88
1987,40,152.58
1988,40,150.02
1989,40,147.52
1990,40,144.89
1991,40,143.45
1992,40,141.78
1993,40,139.3
1994,40,137.03
1995,40,135.54
1996,40,133.72
1997,40,131.31
1998,40,129.66
1999,40,127.87
2000,40,126.98
2001,40,125.89
2002,40,124.15
2003,40,122.32
2004,40,120.16
2005,40,118.45
2006,40,117.59
2007,40,116.24
2008,40,114.78
2009,40,112.92
2010,40,111.09
2011,40,108.81
2012,40,106.62
2013,40,104.4
2014,40,101.96
2015,40,101.1
2016,40,99.49
2017,40,97.69
2018,40,95.88
2019,40,93.9
2020,40,91.72
2021,40,89.58
2022,40,87.37
2023,40,85.41
2024,40,83.48
2025,40,81.5
2026,40,79.55
2027,40,77.68
2028,40,75.95
2029,40,74.39
2030,40,72.78
1980,41,143.01
1981,41,142.4
1982,41,141.04
1983,41,139.41
1984,41,138.19
1985,41,136.95
1986,41,136.5
1987,41,135.21
1988,41,133.04
1989,41,130.61
1990,41,127.81
1991,41,126.31
1992,41,124.8
1993,41,122.5
1994,41,120.23
1995,41,118.68
1996,41,116.98
1997,41,114.79
1998,41,113.16
1999,41,111.55
2000,41,110.71
2001,41,109.97
2002,41,108.4
2003,41,106.81
2004,41,104.68
2005,41,102.93
2006,41,101.84
2007,41,100.26
2008,41,98.61
2009,41,96.61
2010,41,94.81
2011,41,92.62
2012,41,90.68
2013,41,88.75
2014,41,86.55
2015,41,85.9
2016,41,84.49
2017,41,82.85
2018,41,81.26
2019,41,79.5
2020,41,77.5
2021,41,75.53
2022,41,73.47
2023,41,71.6
2024,41,69.85
2025,41,68.15
2026,41,66.46
2027,41,64.77
2028,41,63.13
2029,41,61.66
2030,41,60.21
1980,42,123.06
1981,42,122.1
1982,42,120.64
1983,42,119.09
1984,42,117.9
1985,42,116.6
1986,42,116.08
1987,42,114.94
1988,42,113.3
1989,42,111.29
1990,42,108.71
1991,42,106.77
1992,42,105.21
1993,42,103.4
1994,42,101.31
1995,42,99.64
1996,42,97.89
1997,42,96.02
1998,42,94.74
1999,42,93.41
2000,42,92.59
2001,42,92.1
2002,42,91.01
2003,42,89.77
2004,42,87.84
2005,42,86.23
2006,42,85.16
2007,42,83.67
2008,42,82.1
2009,42,80.1
2010,42,78.28
2011,42,76.16
2012,42,74.47
2013,42,72.79
2014,42,70.85
2015,42,70.31
2016,42,69.1
2017,42,67.71
2018,42,66.45
2019,42,64.99
2020,42,63.22
2021,42,61.5
2022,42,59.68
2023,42,58.01
2024,42,56.39
2025,42,54.9
2026,42,53.51
2027,42,52.1
2028,42,50.69
2029,42,49.34
2030,42,48.04
1980,43,103.86
1981,43,102.61
1982,43,101.23
1983,43,99.91
1984,43,98.69
1985,43,97.31
1986,43,96.68
1987,43,95.8
1988,43,94.85
1989,43,93.1
1990,43,90.85
1991,43,88.84
1992,43,86.97
1993,43,85.4
1994,43,83.68
1995,43,81.86
1996,43,79.97
1997,43,78.35
1998,43,77.55
1999,43,76.58
2000,43,75.89
2001,43,75.45
2002,43,74.88
2003,43,74.12
2004,43,72.52
2005,43,71.11
2006,43,70.19
2007,43,68.97
2008,43,67.63
2009,43,65.71
2010,43,63.78
2011,43,61.7
2012,43,60.26
2013,43,58.81
2014,43,57.07
2015,43,56.56
2016,43,55.51
2017,43,54.34
2018,43,53.37
2019,43,52.19
2020,43,50.7
2021,43,49.24
2022,43,47.66
2023,43,46.19
2024,43,44.76
2025,43,43.4
2026,43,42.19
2027,43,41.05
2028,43,39.89
2029,43,38.75
2030,43,37.59
1980,44,86.49
1981,44,84.97
1982,44,83.79
1983,44,82.85
1984,44,81.55
1985,44,80.06
1986,44,79.3
1987,44,78.73
1988,44,78.59
1989,44,77.08
1990,44,74.91
1991,44,72.88
1992,44,71.13
1993,44,69.61
1994,44,68.04
1995,44,66.15
1996,44,64.11
1997,44,62.71
1998,44,62.39
1999,44,61.76
2000,44,61.3
2001,44,60.87
2002,44,60.78
2003,44,60.45
2004,44,59.32
2005,44,58.16
2006,44,57.46
2007,44,56.62
2008,44,55.62
2009,44,53.81
2010,44,51.72
2011,44,49.66
2012,44,48.46
2013,44,47.24
2014,44,45.68
2015,44,45.12
2016,44,44.22
2017,44,43.24
2018,44,42.44
2019,44,41.46
2020,44,40.25
2021,44,39.08
2022,44,37.73
2023,44,36.46
2024,44,35.22
2025,44,34.04
2026,44,32.93
2027,44,31.95
2028,44,31.01
2029,44,30.09
2030,44,29.12
1980,45,71.11
1981,45,69.39
1982,45,68.45
1983,45,67.93
1984,45,66.62
1985,45,65.1
1986,45,64.24
1987,45,63.94
1988,45,64.44
1989,45,63.17
1990,45,61.09
1991,45,58.96
1992,45,57.44
1993,45,56.33
1994,45,54.78
1995,45,52.73
1996,45,50.66
1997,45,49.5
1998,45,49.55
1999,45,49.15
2000,45,48.89
2001,45,48.52
2002,45,48.82
2003,45,48.77
2004,45,48.03
2005,45,47.18
2006,45,46.72
2007,45,46.22
2008,45,45.56
2009,45,43.9
2010,45,41.76
2011,45,39.77
2012,45,38.79
2013,45,37.77
2014,45,36.41
2015,45,35.79
2016,45,35
2017,45,34.19
2018,45,33.53
2019,45,32.67
2020,45,31.68
2021,45,30.8
2022,45,29.72
2023,45,28.65
2024,45,27.6
2025,45,26.59
2026,45,25.64
2027,45,24.75
2028,45,23.95
2029,45,23.22
2030,45,22.45
1980,46,57.69
1981,46,55.94
1982,46,55.22
1983,46,55.05
1984,46,53.83
1985,46,52.4
1986,46,51.47
1987,46,51.39
1988,46,52.3
1989,46,51.26
1990,46,49.33
1991,46,47.18
1992,46,45.81
1993,46,45.11
1994,46,43.88
1995,46,41.69
1996,46,39.62
1997,46,38.68
1998,46,39.01
1999,46,38.77
2000,46,38.63
2001,46,38.3
2002,46,38.91
2003,46,39.03
2004,46,38.57
2005,46,37.99
2006,46,37.78
2007,46,37.59
2008,46,37.2
2009,46,35.74
2010,46,33.65
2011,46,31.82
2012,46,31.03
2013,46,30.19
2014,46,29.02
2015,46,28.38
2016,46,27.7
2017,46,27.04
2018,46,26.48
2019,46,25.71
2020,46,24.89
2021,46,24.24
2022,46,23.41
2023,46,22.57
2024,46,21.7
2025,46,20.86
2026,46,20.07
2027,46,19.32
2028,46,18.61
2029,46,17.98
2030,46,17.38
1980,47,46.03
1981,47,44.39
1982,47,43.86
1983,47,43.88
1984,47,42.78
1985,47,41.52
1986,47,40.67
1987,47,40.73
1988,47,41.86
1989,47,41
1990,47,39.27
1991,47,37.24
1992,47,36.05
1993,47,35.55
1994,47,34.65
1995,47,32.66
1996,47,30.65
1997,47,29.86
1998,47,30.35
1999,47,30.21
2000,47,30.13
2001,47,29.81
2002,47,30.57
2003,47,30.82
2004,47,30.57
2005,47,30.16
2006,47,30.13
2007,47,30.18
2008,47,29.99
2009,47,28.75
2010,47,26.82
2011,47,25.19
2012,47,24.58
2013,47,23.91
2014,47,22.93
2015,47,22.33
2016,47,21.76
2017,47,21.22
2018,47,20.74
2019,47,20.06
2020,47,19.38
2021,47,18.88
2022,47,18.26
2023,47,17.63
2024,47,16.96
2025,47,16.29
2026,47,15.64
2027,47,15.02
2028,47,14.43
2029,47,13.89
2030,47,13.38
1980,48,35.58
1981,48,34.16
1982,48,33.8
1983,48,33.9
1984,48,32.95
1985,48,31.91
1986,48,31.23
1987,48,31.37
1988,48,32.49
1989,48,31.82
1990,48,30.34
1991,48,28.58
1992,48,27.61
1993,48,27.23
1994,48,26.54
1995,48,24.92
1996,48,23.2
1997,48,22.57
1998,48,23.05
1999,48,22.93
2000,48,22.9
2001,48,22.58
2002,48,23.33
2003,48,23.63
2004,48,23.52
2005,48,23.24
2006,48,23.3
2007,48,23.46
2008,48,23.42
2009,48,22.42
2010,48,20.76
2011,48,19.4
2012,48,18.95
2013,48,18.43
2014,48,17.64
2015,48,17.14
2016,48,16.69
2017,48,16.26
2018,48,15.87
2019,48,15.28
2020,48,14.73
2021,48,14.35
2022,48,13.89
2023,48,13.44
2024,48,12.96
2025,48,12.46
2026,48,11.95
2027,48,11.47
2028,48,11
2029,48,10.57
2030,48,10.14
1980,49,24
1981,49,23
1982,49,22.76
1983,49,22.85
1984,49,22.18
1985,49,21.42
1986,49,20.95
1987,49,21.08
1988,49,21.94
1989,49,21.47
1990,49,20.42
1991,49,19.13
1992,49,18.44
1993,49,18.18
1994,49,17.7
1995,49,16.53
1996,49,15.34
1997,49,14.93
1998,49,15.28
1999,49,15.16
2000,49,15.12
2001,49,14.87
2002,49,15.41
2003,49,15.64
2004,49,15.61
2005,49,15.45
2006,49,15.53
2007,49,15.67
2008,49,15.67
2009,49,15
2010,49,13.82
2011,49,12.86
2012,49,12.57
2013,49,12.22
2014,49,11.68
2015,49,11.33
2016,49,11.02
2017,49,10.73
2018,49,10.45
2019,49,10.02
2020,49,9.63
2021,49,9.38
2022,49,9.09
2023,49,8.8
2024,49,8.5
2025,49,8.19
2026,49,7.87
2027,49,7.55
2028,49,7.24
2029,49,6.95
2030,49,6.65